Harry Brook,124,117,26,2988,105,32.83,2003,149.17,3,11,251,128,76,0,124,2,12,26,1,1/13,1/13,26.00,13.00,12.0,0,0,0
Travis Head,107,103,13,2494,101,27.71,1859,134.15,1,10,192,105,36,0,107,44,445,627,22,3/16,3/16,28.50,8.45,20.2,0,0,0
Rilee Rossouw,312,301,43,7933,121,30.74,5477,144.84,6,48,766,322,127,0,312,6,34,32,3,1/3,1/3,10.66,5.64,11.3,0,0,0
Steve Smith,243,214,45,5282,125,31.25,4135,127.73,3,24,459,135,13,0,243,52,824,1056,54,4/13,4/13,19.55,7.68,15.2,2,0,0
Gerald Coetzee,42,27,4,193,37,8.39,160,120.62,0,0,11,12,12,0,42,40,848,1143,60,4/19,4/19,19.05,8.08,14.1,4,0,0
Pat Cummins,128,72,31,693,66,16.90,501,138.32,0,3,41,41,31,0,128,128,2868,3815,143,4/16,4/16,26.67,7.98,20.0,3,0,0
Harshal Patel,178,100,26,1235,82,16.68,855,144.44,0,4,123,67,39,0,178,173,3630,4991,209,5/27,5/27,23.88,8.24,17.3,3,1,0
Shardul Thakur,150,55,18,416,68,11.24,319,130.40,0,1,32,17,46,0,150,146,3003,4387,169,4/27,4/27,25.95,8.76,17.7,2,0,0
Chris Woakes,149,89,45,966,57,21.95,723,133.60,0,2,77,34,55,0,149,146,2923,4005,160,4/21,4/21,25.03,8.22,18.2,1,0,0
Josh Inglis,105,99,15,2623,118,31.22,1762,148.86,3,16,268,90,71,16,105,0,0,0,0,0,0,0,0,0,0,0,0
Lockie Ferguson,136,44,23,252,30,12.00,211,119.43,0,0,14,14,30,0,136,135,2835,3742,151,5/21,5/21,24.78,7.91,18.7,5,1,0
Josh Hazlewood,96,19,15,64,13,16.00,68,94.11,0,0,6,1,14,0,96,96,2160,2735,127,4/12,4/12,21.53,7.59,17.0,5,0,0
Mitchell Starc,121,41,20,206,29,9.80,217,94.93,0,0,15,2,37,0,121,120,2673,3322,170,4/15,4/15,19.54,7.45,15.7,2,0,0
Umesh Yadav,186,68,39,321,26,11.06,261,122.98,0,0,23,18,51,0,186,184,3848,5311,193,5/18,5/18,27.51,8.28,19.9,4,2,0
Mujeeb Rahman,229,73,35,278,27,7.31,281,98.93,0,0,22,10,45,0,229,229,5182,5803,244,5/15,5/15,23.78,6.71,21.2,3,2,0
Adil Rashid,277,117,44,822,36,11.26,784,104.84,0,0,61,14,75,0,277,269,5740,7150,311,4/2,4/2,22.99,7.47,18.4,8,0,0
Rassie Van Der Dussen,168,159,28,4680,112,35.72,3627,129.03,3,30,335,200,53,0,168,6,54,55,3,2/15,2/15,18.33,6.11,18.0,0,0,0
James Vince,352,341,37,9643,129,31.72,7094,135.93,5,59,1069,252,187,0,352,7,78,87,3,1/5,1/5,29.00,6.69,26.0,0,0,0
Sean Abbott,151,86,22,813,110,12.70,665,122.25,1,0,45,38,84,0,151,149,2843,4077,191,5/16,5/16,21.34,8.60,14.8,6,1,0
Jamie Overton,109,69,19,987,83,19.74,567,174.07,0,1,73,63,59,0,109,80,1358,2104,70,5/47,5/47,30.05,9.29,19.4,2,1,0
David Willey,270,203,45,3720,118,23.54,2749,135.32,2,14,288,183,115,0,270,247,4687,6163,270,4/7,4/7,22.82,7.88,17.3,4,0,0
Ben Duckett,185,178,28,4511,96,30.07,3282,137.44,0,27,529,84,88,2,185,0,0,0,0,0,0,0,0,0,0,0,0
Mustafizur Rahman,224,63,37,163,21,6.26,213,76.52,0,0,8,10,43,0,224,222,4859,5938,276,5/22,5/22,21.51,7.33,17.6,5,3,0
Wanindu Hasaranga,157,121,27,1760,77,18.72,1230,143.08,0,7,175,54,70,0,157,151,3231,3670,216,6/9,6/9,16.99,6.81,14.9,5,3,0
Phil Salt,213,207,15,4870,88,25.36,3221,151.19,0,32,537,171,102,13,213,0,0,0,0,0,0,0,0,0,0,0,0
Colin Munro,403,384,49,10367,114,30.94,7294,142.13,5,61,861,527,120,0,403,66,662,1017,31,4/15,4/15,32.80,9.21,21.3,1,0,0
Sherfane Rutherford,107,93,20,1753,78,24.01,1324,132.40,0,9,110,114,40,0,107,20,233,334,9,3/19,3/19,37.11,8.60,25.8,0,0,0
Tom Curran,194,121,41,1725,67,21.56,1211,142.44,0,5,154,63,58,0,194,173,3535,5185,205,4/22,4/22,25.29,8.80,17.2,3,0,0
Jason Holder,232,171,45,1973,69,15.65,1572,125.50,0,2,128,112,111,0,232,226,4734,6403,227,5/27,5/27,28.20,8.11,20.8,5,1,0
Mohammad Nabi,366,309,60,5370,89,21.56,3925,136.81,0,15,372,263,166,0,366,352,6928,8103,331,5/15,5/15,24.48,7.01,20.9,7,1,0
James Neesham,252,207,57,3456,75,23.04,2436,141.87,0,8,260,156,100,0,252,215,3510,5283,205,4/24,4/24,25.77,9.03,17.1,3,0,0
Daniel Sams,148,122,26,1699,98,17.69,1087,156.30,0,7,100,115,62,0,148,146,2974,4360,179,4/14,4/14,24.35,8.79,16.6,6,0,0
Chris Jordan,329,193,79,1864,73,16.35,1450,128.55,0,2,127,87,166,0,329,321,6561,9398,342,4/6,4/6,27.47,8.59,19.1,6,0,0
Tymal Mills,195,46,20,149,27,5.73,160,93.12,0,0,14,6,30,0,195,188,4021,5411,234,4/13,4/13,23.12,8.07,17.1,3,0,0
Jhye Richardson,85,43,22,327,33,15.57,297,110.10,0,0,22,12,27,0,85,84,1851,2417,112,4/9,4/9,21.58,7.83,16.5,5,0,0
Tim Southee,250,116,40,863,74,11.35,606,142.40,0,2,64,47,114,0,250,246,5424,7445,297,6/16,6/16,25.06,8.23,18.2,1,3,0
Rovman Powell,183,166,34,3330,107,25.22,2394,139.09,1,14,191,230,92,0,183,50,617,1096,26,2/21,2/21,42.15,10.65,23.7,0,0,0
Daryl Mitchell,186,169,39,4003,88,30.79,2962,135.14,0,18,252,163,93,0,186,86,1172,1798,76,4/32,4/32,23.65,9.20,15.4,2,0,0
Alzarri Joseph,100,48,27,306,29,14.57,289,105.88,0,0,22,14,37,0,100,97,2080,2932,121,6/12,6/12,24.23,8.45,17.1,3,2,0
Ashton Turner,185,159,45,2851,84,25.00,2019,141.20,0,15,194,115,69,0,185,62,627,775,31,3/20,3/20,25.00,7.41,20.2,0,0,0
Ashton Agar,141,100,28,1179,68,16.37,1028,114.68,0,1,80,45,74,0,141,133,2700,3196,117,6/30,6/30,27.31,7.10,23.0,0,2,0
Michael Bracewell,129,111,29,2433,141,29.67,1831,132.87,1,14,199,95,76,1,129,44,749,913,53,4/28,4/28,17.22,7.31,14.1,1,0,0
Dwaine Pretorius,210,161,36,2490,77,19.92,1797,138.56,0,5,165,137,45,0,210,183,3175,4417,172,5/17,5/17,25.68,8.34,18.4,2,1,0
Sam Billings,286,272,41,5475,95,23.70,4164,131.48,0,28,456,179,171,24,286,0,0,0,0,0,0,0,0,0,0,0,0
Gus Atkinson,45,20,11,82,14,9.11,75,109.33,0,0,4,3,15,0,45,44,820,1184,62,4/20,4/20,19.09,8.66,13.2,3,0,0
Kyle Jamieson,64,34,18,411,45,25.68,310,132.58,0,0,34,11,13,0,64,64,1343,1887,74,6/7,6/7,25.50,8.43,18.1,1,1,0
Riley Meredith,83,15,8,30,10,4.28,31,96.77,0,0,3,0,12,0,83,83,1812,2557,108,4/21,4/21,23.67,8.46,16.7,1,0,0
Adam Milne,161,71,38,401,22,12.15,341,117.59,0,0,24,14,45,0,161,156,3323,4274,182,5/11,5/11,23.48,7.71,18.2,4,2,0
Wayne Parnell,280,168,62,1944,99,18.33,1575,123.42,0,5,159,70,61,0,280,274,5591,7463,291,5/30,5/30,25.64,8.00,19.2,5,1,0
David Wiese,356,269,90,4048,79,22.61,2804,144.36,0,11,278,216,125,0,356,315,5416,7482,279,5/19,5/19,26.81,8.28,19.4,4,6,0
Ish Sodhi,251,77,35,380,51,9.04,351,108.26,0,1,25,17,58,0,251,245,5226,6813,285,6/11,6/11,23.90,7.82,18.3,6,1,0
Finn Allen,98,98,3,2682,101,28.23,1597,167.93,1,18,265,143,42,1,98,1,6,8,0,0,0,0,8.00,0,0,0,0
Fabian Allen,103,81,23,1087,64,18.74,758,143.40,0,3,73,72,47,0,103,86,1444,1874,68,4/25,4/25,27.55,7.78,21.2,1,0,0
Keemo Paul,111,75,24,930,56,18.23,723,128.63,0,2,47,64,42,0,111,92,1527,2351,80,5/15,5/15,29.38,9.23,19.0,1,1,0
Shai Hope,90,86,7,2106,106,26.65,1667,126.33,1,10,159,93,40,8,90,0,0,0,0,0,0,0,0,0,0,0,0
Taskin Ahmed,137,57,23,218,18,6.41,252,86.50,0,0,16,8,22,0,137,133,2785,3717,158,5/31,5/31,23.52,8.00,17.6,7,1,0
Matt Henry,123,66,27,514,44,13.17,330,155.75,0,0,28,35,49,0,123,119,2512,3523,144,4/24,4/24,24.46,8.41,17.4,3,0,0
Lance Morris,18,2,1,2,2,2.00,8,25.00,0,0,0,0,5,0,18,18,291,418,12,3/26,3/26,34.83,8.61,24.2,0,0,0
Ollie Robinson,49,23,10,92,31,7.07,95,96.84,0,0,6,1,20,0,49,46,884,1306,45,4/15,4/15,29.02,8.86,19.6,1,0,0
Billy Stanlake,76,15,12,30,7,10.00,46,65.21,0,0,1,1,8,0,76,76,1609,2149,81,4/8,4/8,26.53,8.01,19.8,1,0,0
Olly Stone,67,23,11,88,22,7.33,84,104.76,0,0,2,5,22,0,67,64,1272,1851,67,4/21,4/21,27.62,8.73,18.9,2,0,0
Karun Nair,157,142,17,3207,111,25.65,2422,132.41,2,18,317,106,64,0,157,11,85,100,4,1/2,1/2,25.00,7.05,21.2,0,0,0
MK Pandey,302,276,59,6849,129,31.56,5560,123.18,3,39,565,214,149,2,302,10,168,212,10,4/27,4/27,21.20,7.57,16.8,2,0,0
Azmatullah Omarzai,62,40,14,588,62,22.61,454,129.51,0,1,41,29,19,0,62,59,1137,1471,59,3/16,3/16,24.93,7.76,19.2,0,0,0
Rachin Ravindra,53,45,7,618,67,16.26,503,122.86,0,1,50,20,21,0,53,48,888,1104,41,3/22,3/22,26.92,7.45,21.6,0,0,0
KS Bharat,74,69,5,1266,78,19.78,1142,110.85,0,6,110,47,54,14,74,0,0,0,0,0,0,0,0,0,0,0,0
Kusal Mendis,126,125,6,3439,87,28.89,2538,135.50,0,28,296,149,50,7,126,1,1,0,0,0,0,0,0,0,0,0,0
Tristan Stubbs,59,54,9,1119,80,24.86,760,147.23,0,4,62,68,24,0,59,15,159,236,6,2/6,2/6,39.33,8.90,26.5,0,0,0
Dilshan Madushanka,28,8,3,21,12,4.20,40,52.50,0,0,1,1,5,0,28,28,526,801,29,3/24,3/24,27.62,9.13,18.1,0,0,0
Shivam Mavi,52,19,5,85,26,6.07,90,94.44,0,0,6,4,22,0,52,52,1014,1405,53,4/14,4/14,26.50,8.31,19.1,3,0,0
Chetan Sakariya,46,10,3,25,7,3.57,42,59.52,0,0,3,0,13,0,46,45,1022,1311,65,5/11,5/11,20.16,7.69,15.7,2,1,0
Jaydev Unadkat,180,69,37,521,58,16.28,388,134.27,0,1,36,26,50,0,180,179,3865,5126,218,5/25,5/25,23.51,7.95,17.7,3,2,0
Akeal Hosein,123,63,29,558,44,16.41,496,112.50,0,0,31,27,29,0,123,112,2348,2640,102,4/13,4/13,25.88,6.74,23.0,2,0,0
Waqar Salamkheil,33,6,6,15,6,0,19,78.94,0,0,2,0,5,0,33,33,738,949,47,4/14,4/14,20.19,7.71,15.7,3,0,0
Tabraiz Shamsi,232,47,28,82,15,4.31,152,53.94,0,0,2,1,31,0,232,226,4867,5926,269,5/24,5/24,22.02,7.30,18.0,7,1,0
Alick Athanaze,8,8,1,165,76,23.57,152,108.55,0,1,14,5,5,0,8,0,0,0,0,0,0,0,0,0,0,0,0
Mark Chapman,139,125,18,2873,104,26.85,2148,133.75,2,18,246,104,46,0,139,36,455,594,22,3/22,3/22,27.00,7.83,20.6,0,0,0
Samuel Hain
Reeza Hendricks,189,176,20,5497,108,35.23,4331,126.92,4,39,543,134,76,0,189,9,120,136,4,1/9,1/9,34.00,6.80,30.0,0,0,0
Brandon King
Najibullah Zadran,198,178,45,3628,97,27.27,2634,137.73,0,18,250,199,80,0,198,2,12,8,1,1/6,1/6,8.00,4.00,12.0,0,0,0
Wesley Agar
Qais Ahamad
Rehan Ahmed,45,31,10,268,49,12.76,227,118.06,0,0,24,10,12,0,45,44,912,1189,46,4/22,4/22,25.84,7.82,19.8,1,0,0
Charith Asalanka,98,96,11,1999,80,23.51,1632,122.48,0,10,163,79,26,0,98,30,380,434,19,4/14,4/14,22.84,6.85,20.0,1,0,0
Brydon Carse,76,56,16,738,58,18.45,527,140.03,0,2,45,30,27,0,76,67,1113,1678,40,3/23,3/23,41.95,9.04,27.8,0,0,0
Ben Cutting,209,175,47,2883,81,22.52,1968,146.49,0,5,194,178,99,0,209,177,2908,4370,136,5/28,5/28,32.13,9.01,21.3,0,1,0
Matthew Forde,18,13,6,112,52,16.00,88,127.27,0,1,10,4,4,0,18,16,284,307,22,4/11,4/11,13.95,6.48,12.9,2,0,0
George Garton,81,50,15,562,46,16.05,418,134.44,0,0,52,22,19,0,81,77,1301,1958,72,4/16,4/16,27.19,9.02,18.0,3,0,0
George Linde,159,123,33,1677,63,18.63,1257,133.41,0,3,103,76,44,0,159,153,3074,3827,146,4/19,4/19,26.21,7.46,21.0,3,0,0
Keshav Maharaj,141,65,31,637,45,18.73,541,117.74,0,0,56,22,48,0,141,133,2849,3244,111,4/15,4/15,29.22,6.83,25.6,1,0,0
Wiaan Mulder,78,65,17,1313,83,27.35,1010,130.00,0,8,105,43,37,0,78,60,915,1299,46,2/10,2/10,28.23,8.51,19.8,0,0,0
Dasun Shanaka,196,183,42,3892,131,27.60,2750,141.52,3,15,280,225,65,0,196,100,1161,1706,63,3/6,3/6,27.07,8.81,18.4,0,0,0
Matthew Short,88,84,5,1832,100,23.18,1311,139.74,1,9,155,77,46,0,88,55,706,887,25,3/14,3/14,35.48,7.53,28.2,0,0,0
Odean Smith,93,65,25,721,44,18.02,534,135.01,0,0,47,54,32,0,93,88,1516,2503,93,4/30,4/30,26.91,9.90,16.3,1,0,0
Hanuma Vihari,89,88,10,1707,84,21.88,1475,115.72,0,7,157,42,34,2,89,38,486,608,27,3/21,3/21,22.51,7.50,18.0,0,0,0
Johnson Charles,236,230,9,5862,118,26.52,4503,130.17,3,33,559,272,85,7,236,5,43,69,5,1/5,1/5,13.80,9.62,8.6,0,0,0
Varun Aaron,95,33,18,133,17,8.86,184,72.28,0,0,11,4,15,0,95,93,1919,2731,93,3/16,3/16,29.36,8.53,20.6,0,0,0
Fareed Ahmad,61,17,9,74,24,9.25,77,96.10,0,0,9,1,11,0,61,60,1190,1664,64,3/14,3/14,26.00,8.38,18.5,0,0,0
Dushmanta Chameera
Ben Dwarshuis,114,60,29,476,66,15.35,372,127.95,0,1,34,17,30,0,114,112,2394,3298,142,5/26,5/26,23.22,8.26,16.8,3,1,0
Richard Gleeson,82,20,11,51,8,5.66,61,83.60,0,0,6,0,17,0,82,79,1609,2213,91,5/33,5/33,24.31,8.25,17.6,1,1,0
Md Shoriful Islam
Spencer Johnson,20,4,3,5,4,5.00,4,125.00,0,0,1,0,3,0,20,20,393,514,17,3/1,3/1,30.23,7.84,23.1,0,0,0
Siddharth Kaul
Lahiru Kumara,54,17,9,38,10,4.75,44,86.36,0,0,5,1,3,0,54,53,1094,1505,69,4/17,4/17,21.81,8.25,15.8,2,0,0
Obed Mccoy,85,24,8,124,23,7.75,119,104.20,0,0,10,8,18,0,85,84,1703,2465,112,6/17,6/17,22.00,8.68,15.2,4,2,0
Blessing Muzarabani,65,23,13,33,9,3.30,67,49.25,0,0,4,0,14,0,65,63,1339,1707,69,3/18,3/18,24.73,7.64,19.4,0,0,0
Richard Ngarava,77,32,14,89,15,4.94,82,108.53,0,0,8,3,12,0,77,76,1571,1899,81,3/11,3/11,23.44,7.25,19.3,0,0,0
George Scrimshaw,48,9,8,19,5,19.00,34,55.88,0,0,1,0,5,0,48,48,994,1468,64,3/16,3/16,22.93,8.86,15.5,0,0,0
Barinder Sran,48,21,12,106,19,11.77,80,132.50,0,0,11,3,9,0,48,48,966,1353,45,4/10,4/10,30.06,8.40,21.4,1,0,0
Oshane Thomas,68,16,8,19,8,2.37,42,45.23,0,0,2,0,8,0,68,66,1311,1979,83,5/28,5/28,23.84,9.05,15.7,1,1,0
Nuwan Thushara,79,24,16,38,7,4.75,42,90.47,0,0,2,2,11,0,79,78,1477,1899,107,5/13,5/13,17.74,7.71,13.8,3,1,0
Sandeep Warrier,72,8,5,13,7,4.33,30,43.33,0,0,1,0,12,0,72,72,1480,1767,63,3/19,3/19,28.04,7.16,23.4,0,0,0
Lizaad Williams,65,18,14,72,17,18.00,78,92.30,0,0,4,2,16,0,65,64,1288,1611,84,4/13,4/13,19.17,7.50,15.3,2,0,0
Luke Wood,122,47,21,224,33,8.61,216,103.70,0,0,11,6,40,0,122,121,2294,3237,127,5/50,5/50,25.48,8.46,18.0,1,1,0
Shahrukh Khan
Tom Kohler0Cadmore
Benny Howell,208,168,52,2574,57,22.18,1926,133.64,0,6,188,99,83,0,208,187,3824,4672,206,5/18,5/18,22.67,7.33,18.5,3,1,0
Jalaj Saxena,70,51,11,661,55,16.52,759,87.08,0,1,64,5,14,0,70,62,1181,1327,72,5/16,5/16,18.43,6.74,16.4,2,2,0
Corbin Bosch,53,36,10,529,81,20.34,460,114.99,0,2,47,11,21,0,53,46,824,1190,27,3/22,3/22,44.07,8.66,30.5,0,0,0
Kamlesh Nagarkoti,25,14,6,94,39,11.75,116,81.03,0,0,6,0,9,0,25,24,445,604,19,3/25,3/25,31.78,8.14,23.4,0,0,0
Basil Thampi,86,19,11,73,22,9.12,67,108.95,0,0,4,4,17,0,86,86,1788,2500,87,4/15,4/15,28.73,8.38,20.5,1,0,0
Lalit Yadav,10,3,1,19,9,9.50,24,79.16,0,0,2,1,2,0,10,10,185,237,7,3/19,3/19,33.85,7.68,26.4,0,0,0
S Midhun
Izharulhuq Naveed
Priyansh Arya,9,9,0,248,81,27.55,160,155.00,0,2,29,13,3,0,9,0,0,0,0,0,0,0,0,0,0,0,0
Saurav Chuahan
Shubham Dubey,20,19,6,485,58,37.30,334,145.20,0,1,26,30,3,0,20,0,0,0,0,0,0,0,0,0,0,0,0
Rohan Kunnummal,27,27,4,771,101,33.52,623,123.75,1,4,95,16,11,0,27,0,0,0,0,0,0,0,0,0,0,0,0
Angkrish Raghuvanshi,7,7,1,138,32,23.00,119,115.96,0,0,11,6,5,0,7,0,0,0,0,0,0,0,0,0,0,0,0
Sameer Rizvi,11,9,3,295,75,49.16,219,134.70,0,2,20,18,4,0,11,0,0,0,0,0,0,0,0,0,0,0,0
Manan Vohra,125,120,11,3257,106,29.88,2539,128.27,1,20,322,115,39,0,125,0,0,0,0,0,0,0,0,0,0,0,0
Raj Angad Bawa
Mohd. Arshad Khan
Sarfaraz Khan,96,74,21,1188,67,22.41,926,128.29,0,3,116,33,38,0,96,2,8,9,0,0,0,0,6.75,0,0,0,0
Arshin Kulkarni,6,5,0,121,47,24.20,74,163.51,0,0,10,9,1,0,6,6,114,183,4,2/22,2/22,45.75,9.63,28.5,0,0,0
Vivrant Sharma,17,14,0,309,69,22.07,248,124.59,0,3,36,10,6,0,17,7,82,105,8,4/13,4/13,13.12,7.68,10.2,1,0,0
Atit Sheth,54,28,19,203,29,22.55,169,120.11,0,0,17,6,12,0,54,53,1083,1371,75,5/13,5/13,18.28,7.59,14.4,2,1,0
Hrithik Shokeen,18,7,4,70,25,23.33,66,106.06,0,0,10,0,5,0,18,18,271,386,12,2/5,2/5,32.16,8.54,22.5,0,0,0
Ramandeep Singh,38,25,9,325,54,20.31,209,155.50,0,1,20,21,17,0,38,15,168,228,13,3/20,3/20,17.53,8.14,12.9,0,0,0
Ricky Bhui,62,60,14,1497,108,32.54,1082,138.35,2,7,98,87,13,0,62,1,18,18,0,0,0,0,6.00,0,0,0,0
Kumar Kushagra,11,11,2,140,33,15.55,119,117.64,0,0,7,7,8,1,11,0,0,0,0,0,0,0,0,0,0,0,0
Urvil Patel,41,41,1,847,96,21.17,545,155.41,0,4,112,25,32,5,41,0,0,0,0,0,0,0,0,0,0,0,0
Vishnu Solanki,62,55,14,1245,71,30.36,998,124.74,0,6,99,46,31,5,62,1,6,9,0,0,0,0,9.00,0,0,0,0
Rasikh Dar
Yash Dayal,42,6,4,10,4,5.00,14,71.42,0,0,1,0,3,0,42,42,805,1102,38,3/40,3/40,29.00,8.21,21.1,0,0,0
Sushant Mishra,4,1,1,0,0,0,0,0,0,0,0,0,3,0,4,4,96,150,7,4/28,4/28,21.42,9.37,13.7,1,0,0
Ishan Porel,29,1,1,2,2,0,5,40.00,0,0,0,0,1,0,29,29,617,738,40,4/24,4/24,18.45,7.17,15.4,2,0,0
Akash Singh
Kartik Tyagi,32,7,3,13,7,3.25,16,81.25,0,0,1,0,3,0,32,32,621,952,25,2/23,2/23,38.08,9.19,24.8,0,0,0
Kuldip Yadav
Murgan Ashwin
Shreyas Gopal,94,39,11,471,48,16.82,395,119.24,0,0,47,8,24,0,94,91,1732,2181,107,5/11,5/11,20.38,7.55,16.1,4,2,0
Pulkit Narang,21,9,6,58,25,19.33,54,107.40,0,0,5,2,7,0,21,21,388,424,25,3/18,3/18,16.96,6.55,15.5,0,0,0
M. Siddharth
Shiva Singh,22,8,5,42,18,14.00,31,135.48,0,0,0,3,10,0,22,22,445,510,12,3/20,3/20,42.50,6.87,37.0,0,0,0
Manav Suthar,7,3,0,23,16,7.66,18,127.77,0,0,2,1,1,0,7,7,126,151,4,2/15,2/15,37.75,7.19,31.5,0,0,0
Dinesh Bana,8,8,0,114,43,14.25,103,110.67,0,0,9,5,6,3,8,0,0,0,0,0,0,0,0,0,0,0,0
Swastik Chhikara
Rajat Dey,35,33,8,627,82,25.08,478,131.17,0,2,37,30,6,0,35,3,19,35,1,1/17,1/17,35.00,11.05,19.0,0,0,0
Abhimanyu Easwaran,34,33,7,976,107,37.53,759,128.59,1,5,84,25,9,0,34,0,0,0,0,0,0,0,0,0,0,0,0
Rithik Easwaran
Chirag Gandhi,73,61,20,1266,80,30.87,1011,125.22,0,7,100,39,38,0,73,0,0,0,0,0,0,0,0,0,0,0,0
Nikhil Gangta,49,37,6,826,108,26.64,594,139.05,1,5,84,26,15,0,49,10,77,121,2,1/10,1/10,60.50,9.42,38.5,0,0,0
Sudip Gharami,13,12,1,321,68,29.18,252,127.38,0,2,30,8,5,0,13,0,0,0,0,0,0,0,0,0,0,0,0
Ansh Gosai
Azim Kazi,45,35,14,628,71,29.90,517,121.47,0,1,43,29,10,0,45,38,723,831,35,3/18,3/18,23.74,6.89,20.6,0,0,0
Amandeep Khare,48,45,9,1410,90,39.16,1136,124.11,0,9,125,43,16,0,48,1,2,3,0,0,0,0,9.00,0,0,0,0
Ankit Kumar
Bhupen Lalwani
Pukhraj Mann,4,3,2,39,21,39.00,30,130.00,0,0,1,3,0,0,4,0,0,0,0,0,0,0,0,0,0,0,0
Tanmay Mishra,26,25,0,421,68,16.84,430,97.90,0,1,30,12,7,0,26,4,42,58,3,3/25,3/25,19.33,8.28,14.0,0,0,0
Salman Nizar,21,16,9,281,57,40.14,204,137.74,0,1,16,17,12,0,21,0,0,0,0,0,0,0,0,0,0,0,0
Priyank Panchal,59,58,5,1522,79,28.71,1188,128.11,0,9,166,37,30,0,59,6,66,83,4,4/19,4/19,20.75,7.54,16.5,1,0,0
Akshat Raghuwanshi,7,7,2,63,24,12.60,48,131.25,0,0,7,2,2,0,7,0,0,0,0,0,0,0,0,0,0,0,0
Ekant Sen,32,28,6,629,70,28.59,488,128.89,0,3,65,25,8,0,32,0,0,0,0,0,0,0,0,0,0,0,0
Subhranshu Senapati,39,37,4,1082,119,32.78,861,125.66,1,4,81,47,17,0,39,0,0,0,0,0,0,0,0,0,0,0,0
Naushad Shaikh,45,43,10,942,78,28.54,761,123.78,0,5,82,21,28,1,45,16,227,223,12,3/9,3/9,18.58,5.89,18.9,0,0,0
Dhruv Shorey,48,44,7,1030,84,27.83,872,118.11,0,8,87,34,24,0,48,1,6,9,0,0,0,0,9.00,0,0,0,0
Himmat Singh
Virat Singh,79,77,14,2249,103,35.69,1765,127.42,1,14,220,63,32,0,79,5,60,87,1,1/13,1/13,87.00,8.70,60.0,0,0,0
Shashank Singh,55,44,8,724,61,20.11,533,135.83,0,5,59,30,14,0,55,23,318,434,15,3/4,3/4,28.93,8.18,21.2,0,0,0
Sumeet Verma,47,39,6,539,58,16.33,397,135.76,0,5,42,29,17,0,47,16,168,201,4,1/6,1/6,50.25,7.17,42.0,0,0,0
P.A. Abdul
Murugan Abhishek
Atharva Ankolekar,12,8,3,76,37,15.20,60,126.66,0,0,1,5,4,0,12,10,222,215,6,2/19,2/19,35.83,5.81,37.0,0,0,0
Baba Aparajith,63,53,11,1147,67,27.30,1053,108.92,0,4,80,31,31,0,63,28,362,364,17,2/9,2/9,21.41,6.03,21.2,0,0,0
Jass Inder Baidwan
Rahul Buddhi,26,23,7,415,72,25.93,335,123.88,0,1,40,12,7,0,26,1,2,4,0,0,0,0,12.00,0,0,0,0
Vaisakh Chandran,10,0,0,0,0,0,0,0,0,0,0,0,4,0,10,10,192,187,14,4/11,4/11,13.35,5.84,13.7,1,0,0
Writtick Chatterjee,33,19,5,276,51,19.71,228,121.05,0,1,21,10,14,0,33,28,522,537,26,3/12,3/12,20.65,6.17,20.0,0,0,0
Raj Chaudhary
Ravi Chauhan,30,30,3,815,86,30.18,710,114.78,0,8,91,12,15,0,30,0,0,0,0,0,0,0,0,0,0,0,0
Ashwin Das,12,8,3,140,68,28.00,77,181.81,0,1,14,7,2,0,12,12,231,338,13,4/10,4/10,26.00,8.77,17.7,1,0,0
Aarya Desai,8,8,1,173,62,24.71,133,130.07,0,1,12,11,4,0,8,1,6,11,0,0,0,0,11.00,0,0,0,0
Vineet Dhankhar,7,7,0,170,56,24.28,133,127.81,0,1,17,8,2,0,7,3,14,16,0,0,0,0,6.85,0,0,0,0
Naman Dhir,5,4,0,39,17,9.75,28,139.28,0,0,1,3,2,0,5,0,0,0,0,0,0,0,0,0,0,0,0
Harsh Dubey
Prerit Dutta,2,0,0,0,0,0,0,0,0,0,0,0,0,0,2,2,36,29,3,2/4,2/4,9.66,4.83,12.0,0,0,0
Jake Fraser0Mcgurk
Shubhang Hegde,4,1,0,0,0,0.00,1,0.00,0,0,0,0,1,0,4,4,84,98,2,1/16,1/16,49.00,7.00,42.0,0,0,0
Saransh Jain,20,8,2,37,11,6.16,55,67.27,0,0,0,0,5,0,20,17,330,344,18,3/13,3/13,19.11,6.25,18.3,0,0,0
Duan Jansen,32,21,7,266,41,19.00,177,150.28,0,0,20,13,12,0,32,31,611,844,25,3/27,3/27,33.76,8.28,24.4,0,0,0
Mohammad Kaif,75,68,11,1237,70,21.70,1201,102.99,0,7,117,26,42,0,75,0,0,0,0,0,0,0,0,0,0,0,0
Anshul Kamboj,9,5,4,22,8,22.00,24,91.66,0,0,2,0,2,0,9,9,144,166,11,3/12,3/12,15.09,6.91,13.0,0,0,0
Aman Khan,25,22,5,263,51,15.47,193,136.26,0,1,22,15,17,0,25,10,120,163,4,2/14,2/14,40.75,8.15,30.0,0,0,0
Mohd Arslan Khan
Musheer Khan
Tanush Kotian,23,9,6,62,28,20.66,54,114.81,0,0,4,2,9,0,23,22,475,481,24,4/16,4/16,20.04,6.07,19.7,1,0,0
Sumit Kumar
Manvanth Kumar
Saurabh Kumar,33,15,3,148,33,12.33,115,128.69,0,0,12,8,13,0,33,33,628,736,24,5/28,5/28,30.66,7.03,26.1,1,1,0
Dev Lakra,7,4,1,26,17,8.66,39,66.66,0,0,4,0,4,0,7,1,12,10,1,1/10,1/10,10.00,5.00,12.0,0,0,0
Nasir Lone,7,4,1,11,6,3.66,20,55.00,0,0,0,0,4,0,7,3,36,42,2,1/16,1/16,21.00,7.00,18.0,0,0,0
Kaushik Maity,3,1,1,21,21,0,20,105.00,0,0,0,0,1,0,3,3,60,82,1,1/19,1/19,82.00,8.20,60.0,0,0,0
Divij Mehra
Mani Sankar Mura Singh
Abid Mushtaq
Sanjay Pahal,5,2,0,1,1,0.50,4,25.00,0,0,0,0,2,0,5,5,102,110,5,3/8,3/8,22.00,6.47,20.4,0,0,0
Jitender Pal
Saumy Pandey
Ansh Patel
Sairaj Patil,6,4,1,52,31,17.33,45,115.55,0,0,3,3,2,0,6,2,18,35,0,0,0,0,11.66,0,0,0,0
Pradosh Paul
Shubham Singh Pundir
Atal Rai
Abhimanyusingh Rajput,18,11,1,195,61,19.50,150,130.00,0,1,15,10,5,0,18,9,156,230,13,4/26,4/26,17.69,8.84,12.0,2,0,0
Mohit Rathee,7,4,3,21,19,21.00,14,150.00,0,0,2,1,3,0,7,7,124,171,5,2/24,2/24,34.20,8.27,24.8,0,0,0
Ninad Rathva,41,24,4,348,47,17.40,281,123.84,0,0,42,8,19,0,41,33,540,570,35,3/4,3/4,16.28,6.33,15.4,0,0,0
Rohit Rayudu,15,12,1,220,47,20.00,174,126.43,0,0,17,10,4,0,15,3,18,25,1,1/7,1/7,25.00,8.33,18.0,0,0,0
Aniketh Reddy
Mohit Redkar,7,4,2,18,7,9.00,24,75.00,0,0,2,0,0,0,7,7,120,163,5,2/17,2/17,32.60,8.15,24.0,0,0,0
Akash Sengupta,11,8,3,79,40,15.80,41,192.68,0,0,4,6,7,0,11,10,187,292,12,3/29,3/29,24.33,9.36,15.5,0,0,0
Ashutosh Sharma,15,14,0,419,84,29.92,212,197.64,0,4,39,30,2,0,15,1,24,26,0,0,0,0,6.50,0,0,0,0
Shivalik Sharma,10,8,2,114,46,19.00,85,134.11,0,0,5,4,4,0,10,0,0,0,0,0,0,0,0,0,0,0,0
Suryansh Shedge
Aradhya Shukla
Utkarsh Singh,25,17,3,327,49,23.35,273,119.78,0,0,37,7,9,0,25,21,361,382,21,3/7,3/7,18.19,6.34,17.1,0,0,0
Vishwanath Pratap Singh
Shashank Singh,55,44,8,724,61,20.11,533,135.83,0,5,59,30,14,0,55,23,318,434,15,3/4,3/4,28.93,8.18,21.2,0,0,0
Swapnil Singh,75,59,21,849,52,22.34,675,125.77,0,2,51,42,28,0,75,69,1330,1562,63,6/19,6/19,24.79,7.04,21.1,0,1,0
Prenelan Subrayen,94,41,18,374,35,16.26,311,120.25,0,0,17,19,20,0,94,88,1822,1976,88,4/22,4/22,22.45,6.50,20.7,2,0,0
Ravi Teja
Tanay Thyagarajann
Akash Vashisht
Mohit Ahlawat,16,14,2,202,33,16.83,166,121.68,0,0,17,11,7,1,16,0,0,0,0,0,0,0,0,0,0,0,0
G. Ajitesh
Avanish Rao Aravelly
L.R. Chethan
Gourav Choudhary
Harvik Desai,27,27,4,691,104,30.04,515,134.17,1,4,90,22,18,3,27,0,0,0,0,0,0,0,0,0,0,0,0
Shakir Gandhi
Sumit Ghadigaonkar,10,9,1,248,75,31.00,167,148.50,0,2,24,10,9,3,10,0,0,0,0,0,0,0,0,0,0,0,0
Baba Indrajith,23,21,2,340,46,17.89,335,101.49,0,0,22,5,7,0,23,0,0,0,0,0,0,0,0,0,0,0,0
Bhagmender Lather,19,12,5,246,59,35.14,191,128.79,0,1,16,17,4,0,19,18,324,425,17,3/33,3/33,25.00,7.87,19.0,0,0,0
Anmol Malhotra,9,8,3,84,40,16.80,78,107.69,0,0,8,1,6,4,9,0,0,0,0,0,0,0,0,0,0,0,0
Robin Minz
Darshan Misal,67,53,11,694,67,16.52,644,107.76,0,3,51,25,23,0,67,62,1237,1416,55,3/16,3/16,25.74,6.86,22.4,0,0,0
Nikhil Naik,61,50,15,970,95,27.71,757,128.13,0,6,64,44,34,9,61,0,0,0,0,0,0,0,0,0,0,0,0
Prasad Pawar,8,3,0,40,25,13.33,33,121.21,0,0,4,0,11,1,8,0,0,0,0,0,0,0,0,0,0,0,0
Mahesh Pithiya,8,0,0,0,0,0,0,0,0,0,0,0,3,0,8,7,96,100,4,3/5,3/5,25.00,6.25,24.0,0,0,0
William Salzmann
Bipin Saurabh,17,17,1,686,90,42.87,500,137.20,0,7,60,38,12,2,17,0,0,0,0,0,0,0,0,0,0,0,0
B.R. Sharath
K.L. Shrijith
Avneesh Sudha,22,21,1,586,96,29.30,449,130.51,0,4,70,16,5,0,22,6,72,113,2,2/23,2/23,56.50,9.41,36.0,0,0,0
Aditya Tare,123,110,22,2450,82,27.84,1858,131.86,0,11,273,65,68,20,123,0,0,0,0,0,0,0,0,0,0,0,0
Nihal Ullal
K.M Asif
Mohit Avasthi,20,0,0,0,0,0,0,0,0,0,0,0,4,0,20,20,444,558,31,3/21,3/21,18.00,7.54,14.3,0,0,0
Ottneil Baartman
Basit Bashir
Waseem Bashir
Sachin Bhosale
Devendra Singh Bora
Gurnoor Singh Brar
Nandre Burger,44,15,8,40,6,5.71,83,48.19,0,0,2,0,14,0,44,44,903,1114,52,3/11,3/11,21.42,7.40,17.3,0,0,0
Saurabh Dubey,3,0,0,0,0,0,0,0,0,0,0,0,0,0,3,3,60,121,0,0,0,0,12.10,0,0,0,0
Mrinmoy Dutta,24,4,2,6,6,3.00,12,50.00,0,0,1,0,5,0,24,24,477,644,25,4/35,4/35,25.76,8.10,19.0,1,0,0
Vishal Godara
Money Grewal
Arpit Guleria,2,0,0,0,0,0,0,0,0,0,0,0,2,0,2,2,36,47,1,1/36,1/36,47.00,7.83,36.0,0,0,0
Mukhtar Hussain,30,8,6,89,27,44.50,46,193.47,0,0,9,5,4,0,30,30,588,790,30,4/8,4/8,26.33,8.06,19.6,1,0,0
Sakib Hussain,2,0,0,0,0,0,0,0,0,0,0,0,0,0,2,2,24,47,4,4/20,4/20,11.75,11.75,6.0,1,0,0
Shamar Joseph,2,1,1,0,0,0,1,0.00,0,0,0,0,0,0,2,2,48,72,0,0,0,0,9.00,0,0,0,0
Mohammed Kaif
Shubham Kapse
Devang Karamta
Kulwant Khejroliya,23,2,2,19,18,0,10,190.00,0,0,0,2,3,0,23,23,475,623,24,4/26,4/26,25.95,7.86,19.7,1,0,0
Ravi Kumar
Ashwani Kumar
Raj Limbani
Kwena Maphaka,5,1,1,1,1,0,2,50.00,0,0,0,0,0,0,5,5,102,118,6,4/18,4/18,19.66,6.94,17.0,1,0,0
Lukman Hussain Meriwala
Venkatesh Muralidhara
William O'Rourke
Rakshan Readdi,14,2,2,2,2,0,5,40.00,0,0,0,0,1,0,14,14,290,351,16,3/17,3/17,21.93,7.26,18.1,0,0,0
Manish Reddy
Monish Reddy
Akhin Sathar
Divesh Sharma
Ashok Sharma
Abhilash Shetty
Rahul Shukla,64,25,15,83,17,8.30,84,98.80,0,0,5,3,29,0,64,64,1292,1775,75,5/36,5/36,23.66,8.24,17.2,3,1,0
Manit Singh
Gurjapneet Singh
Paul Van Meekeren,98,37,14,175,24,7.60,166,105.42,0,0,14,7,34,0,98,95,1895,2465,90,4/11,4/11,27.38,7.80,21.0,2,0,0
Nitin Verma
Chris Wood
Gourav Yadav
Prithvi Raj Yarra
Mujtaba Yousuf,21,3,1,2,2,1.00,8,25.00,0,0,0,0,3,0,21,21,426,545,20,3/14,3/14,27.25,7.67,21.3,0,0,0
Shubham Agrawal
Mustaq Beg,6,3,1,19,12,9.50,19,100.00,0,0,1,2,0,0,6,6,132,145,5,2/25,2/25,29.00,6.59,26.4,0,0,0
K.C Cariappa
Ganesh Chaudhary
Prince Choudhary
Yuvraj Chudasama,13,3,2,9,8,9.00,12,75.00,0,0,0,0,1,0,13,13,241,281,13,2/20,2/20,21.61,6.99,18.5,0,0,0
Jasmer Dhankhar,7,0,0,0,0,0,0,0,0,0,0,0,2,0,7,6,96,120,4,1/18,1/18,30.00,7.50,24.0,0,0,0
Chintal Gandhi,10,2,2,10,9,0,11,90.90,0,0,0,0,2,0,10,10,186,199,4,1/4,1/4,49.75,6.41,46.5,0,0,0
Allah Ghazanfar,3,1,0,1,1,1.00,6,16.66,0,0,0,0,0,0,3,3,54,56,5,4/15,4/15,11.20,6.22,10.8,1,0,0
Raghav Goyal,1,0,0,0,0,0,0,0,0,0,0,0,1,0,1,1,24,33,0,0,0,0,8.25,0,0,0,0
Shreyas Gurav
Vishu Kashyap,2,1,1,1,1,0,1,100.00,0,0,0,0,0,0,2,2,36,48,3,3/23,3/23,16.00,8.00,12.0,0,0,0
Bhuwan Rohilla
Shivam Sharma,8,4,1,17,12,5.66,18,94.44,0,0,3,0,4,0,8,8,163,215,9,3/7,3/7,23.88,7.91,18.1,0,0,0
Digvesh Singh
Jhathavedh Subramanyan
Jagadeesha Suchith,80,38,18,304,34,15.20,249,122.08,0,0,24,11,36,0,80,79,1584,1929,70,3/2,3/2,27.55,7.30,22.6,0,0,0
B. Surya
Pankaj Yadav
